card_id,user_id,card_brand,card_type,issue_date,expires,has_chip,credit_limit
0,0,Visa,Debit,2002-09-01,2022-12-01,true,24295
1,0,Visa,Debit,2014-04-01,2020-12-01,true,21968
2,0,Visa,Debit,2003-07-01,2024-02-01,true,46414
3,0,Visa,Credit,2003-01-01,2024-08-01,false,12400
4,0,Mastercard,Debit (Prepaid),2008-09-01,2009-03-01,true,28
100,1,Visa,Credit,2003-09-01,2003-09-01,true,27500
101,1,Visa,Debit,2011-02-01,2022-07-01,true,28508
102,1,Mastercard,Debit,2003-07-01,2022-06-01,true,9022
103,1,Mastercard,Debit (Prepaid),2010-06-01,2020-11-01,true,54
104,1,Mastercard,Debit (Prepaid),2006-07-01,2023-02-01,true,99
200,2,Mastercard,Debit,2009-10-01,2022-03-01,true,31599
201,2,Mastercard,Debit,2002-03-01,2023-07-01,false,27480
202,2,Mastercard,Debit,2019-03-01,2020-02-01,true,26743
203,2,Visa,Debit,2014-04-01,2020-06-01,true,31463
204,2,Mastercard,Debit,2009-09-01,2024-06-01,true,16055
300,3,Visa,Credit,2011-01-01,2015-05-01,true,98100
301,3,Mastercard,Debit (Prepaid),2007-02-01,2020-06-01,true,62
302,3,Visa,Debit,2010-11-01,2022-06-01,true,132439
303,3,Visa,Debit,2009-10-01,2020-06-01,true,125723
400,4,Mastercard,Debit,1999-12-01,2022-01-01,true,34900
500,5,Visa,Credit,2002-01-01,2021-09-01,true,9900
501,5,Visa,Debit,2007-09-01,2013-07-01,true,21587
502,5,Visa,Credit,2005-11-01,2022-11-01,true,15800
600,6,Mastercard,Debit,2005-06-01,2022-04-01,true,29964
601,6,Mastercard,Credit,2010-09-01,2023-07-01,true,11200
602,6,Mastercard,Debit,2014-10-01,2021-12-01,false,26753
700,7,Visa,Debit,2020-01-01,2023-05-01,false,17480
800,8,Mastercard,Debit,2009-11-01,2021-09-01,true,26546
801,8,Mastercard,Debit,2017-09-01,2021-01-01,true,23253
802,8,Visa,Credit,2005-01-01,2021-02-01,true,16100
803,8,Visa,Credit,2012-01-01,2021-02-01,true,8700
804,8,Mastercard,Debit,2012-05-01,2019-01-01,true,29333
900,9,Mastercard,Debit,2009-07-01,2024-07-01,true,9496
1000,10,Visa,Debit,2020-02-01,2021-07-01,true,25499
1001,10,Visa,Debit,2020-02-01,2020-02-01,true,18641
1100,11,Visa,Debit,2020-01-01,2023-05-01,true,26019
1200,12,Mastercard,Debit,2020-02-01,2021-01-01,true,25845
1300,13,Visa,Debit,2007-01-01,2023-06-01,true,2365
1301,13,Mastercard,Debit,2006-07-01,2023-06-01,true,18684
1302,13,Visa,Credit,2020-02-01,2021-02-01,false,7400
1400,14,Mastercard,Debit,2008-12-01,2024-12-01,true,4147
1500,15,Visa,Debit (Prepaid),2012-12-01,2022-04-01,true,76
1501,15,Discover,Credit,2008-12-01,2009-01-01,false,4700
1502,15,Visa,Credit,2007-08-01,2021-06-01,true,5800
1503,15,Mastercard,Debit,2016-08-01,2024-03-01,true,12082
1504,15,Mastercard,Credit,2002-06-01,2023-03-01,false,6000
1505,15,Visa,Debit,2002-02-01,2009-11-01,true,620
1600,16,Mastercard,Debit,2008-01-01,2022-08-01,true,14499
1601,16,Mastercard,Debit,2007-08-01,2023-07-01,true,12332
1602,16,Mastercard,Debit,2013-08-01,2024-09-01,true,18424
1603,16,Visa,Credit,2003-08-01,2023-07-01,false,15400
1604,16,Visa,Debit,2007-08-01,2022-02-01,true,14548
1605,16,Mastercard,Credit,2016-09-01,2016-12-01,true,10100
1700,17,Discover,Credit,2004-02-01,2011-04-01,true,11200
1701,17,Mastercard,Debit,2009-12-01,2024-10-01,true,20291
1702,17,Visa,Debit,2006-01-01,2018-08-01,true,32092
1703,17,Mastercard,Debit,2020-01-01,2020-02-01,true,20463
1800,18,Visa,Debit,2020-01-01,2022-08-01,true,15802
1801,18,Visa,Debit,2020-02-01,2020-02-01,false,4612
1802,18,Discover,Credit,2020-01-01,2020-07-01,true,19900
1900,19,Mastercard,Debit (Prepaid),2000-02-01,2020-10-01,true,73
1901,19,Mastercard,Debit,2009-09-01,2024-01-01,true,11858
1902,19,Mastercard,Debit,1998-01-01,2005-03-01,true,9664
1903,19,Mastercard,Debit,2009-03-01,2020-06-01,true,8367
1904,19,Visa,Credit,2004-02-01,2022-06-01,true,6100
2000,20,Mastercard,Debit,2020-02-01,2020-02-01,true,9944
2001,20,Visa,Credit,2020-01-01,2020-01-01,true,7900
2002,20,Visa,Credit,2020-02-01,2020-12-01,true,5600
2100,21,Visa,Debit,2020-01-01,2023-08-01,true,68400
2101,21,Mastercard,Debit,2020-01-01,2023-04-01,true,77237
2200,22,Visa,Debit,2002-07-01,2024-08-01,true,4488
2201,22,Visa,Credit,2014-11-01,2020-02-01,true,12500
2300,23,Mastercard,Debit,2001-09-01,2020-12-01,true,23432
2301,23,Amex,Credit,2005-05-01,2022-05-01,true,8800
2400,24,Mastercard,Credit,2020-02-01,2020-02-01,true,12100
2500,25,Mastercard,Debit,2020-01-01,2020-02-01,true,9708
2501,25,Amex,Credit,2009-07-01,2021-11-01,true,12000
2502,25,Mastercard,Debit,2012-03-01,2023-11-01,true,11973
2600,26,Mastercard,Debit,2006-10-01,2022-02-01,true,13601
2601,26,Mastercard,Credit,2020-02-01,2024-01-01,true,7800
2700,27,Visa,Debit,2008-08-01,2023-10-01,true,17816
2800,28,Mastercard,Debit,2010-10-01,2021-03-01,false,17707
2801,28,Amex,Credit,2005-05-01,2020-11-01,true,9500
2900,29,Mastercard,Debit,2010-05-01,2022-01-01,true,19110
2901,29,Mastercard,Debit,2016-10-01,2023-08-01,true,13428
2902,29,Mastercard,Debit,2005-08-01,2022-06-01,true,24608
2903,29,Mastercard,Debit,2008-01-01,2022-09-01,true,13441
3000,30,Mastercard,Debit (Prepaid),2020-01-01,2020-02-01,true,74
3100,31,Mastercard,Debit,2008-06-01,2012-10-01,true,17872
3101,31,Mastercard,Credit,2003-12-01,2022-09-01,true,12900
3102,31,Mastercard,Debit,2006-03-01,2024-05-01,true,25264
3103,31,Mastercard,Debit,2005-03-01,2022-12-01,true,20634
3200,32,Visa,Credit,2006-12-01,2007-04-01,true,12200
3201,32,Visa,Credit,2008-01-01,2010-02-01,true,5500
3300,33,Visa,Credit,2020-02-01,2020-03-01,false,6600
3301,33,Mastercard,Debit,2017-12-01,2020-11-01,true,25815
3400,34,Amex,Credit,2014-01-01,2021-06-01,true,8400
3401,34,Mastercard,Debit,2001-03-01,2020-02-01,true,21628
3402,34,Mastercard,Debit,2009-07-01,2021-10-01,true,24232
3500,35,Mastercard,Debit,2009-02-01,2023-11-01,true,10775
3501,35,Mastercard,Debit (Prepaid),2007-06-01,2020-02-01,true,105
3600,36,Visa,Credit,2010-11-01,2021-01-01,false,7100
3601,36,Mastercard,Debit,2005-11-01,2024-07-01,true,29351
3602,36,Mastercard,Debit,2008-04-01,2020-03-01,true,15125
3603,36,Mastercard,Credit,2003-11-01,2021-11-01,true,8000
3604,36,Mastercard,Debit (Prepaid),2010-11-01,2011-05-01,true,83
3700,37,Amex,Credit,2012-07-01,2024-01-01,true,23700
3800,38,Visa,Credit,2016-12-01,2024-02-01,true,700
3900,39,Mastercard,Debit,2006-07-01,2024-07-01,true,7488
4000,40,Visa,Credit,1999-02-01,2002-01-01,false,24900
4001,40,Mastercard,Debit,2005-03-01,2021-06-01,true,30971
4002,40,Amex,Credit,2020-01-01,2024-01-01,true,24400
4003,40,Mastercard,Debit,2020-01-01,2020-02-01,true,53549
4004,40,Visa,Debit,2013-10-01,2018-09-01,true,53036
4005,40,Mastercard,Debit,2011-08-01,2024-12-01,true,35750
4006,40,Visa,Debit,2013-03-01,2021-07-01,true,33375
4100,41,Visa,Debit (Prepaid),2010-12-01,2023-07-01,true,22
4101,41,Discover,Credit,2014-08-01,2020-11-01,true,13100
4102,41,Visa,Debit,2003-07-01,2024-10-01,true,16516
4103,41,Mastercard,Credit,2004-05-01,2016-07-01,true,15700
4104,41,Mastercard,Debit,2003-08-01,2024-05-01,true,21058
4200,42,Visa,Debit,2002-01-01,2023-10-01,true,36425
4201,42,Visa,Debit (Prepaid),2016-12-01,2021-03-01,true,91
4202,42,Mastercard,Credit,2005-04-01,2021-09-01,true,13400
4203,42,Mastercard,Credit,2010-04-01,2021-04-01,true,21600
4300,43,Mastercard,Debit,2020-02-01,2020-02-01,false,9090
4400,44,Visa,Debit,2012-11-01,2023-02-01,false,25942
4401,44,Mastercard,Credit,2003-02-01,2019-07-01,true,10700
4402,44,Mastercard,Credit,2020-02-01,2022-07-01,true,4900
4500,45,Mastercard,Credit,2020-02-01,2022-04-01,false,18100
4600,46,Amex,Credit,2020-01-01,2024-03-01,true,7200
4700,47,Mastercard,Debit,2004-07-01,2020-02-01,true,22660
4701,47,Discover,Credit,2011-05-01,2022-12-01,true,19800
4702,47,Mastercard,Credit,2005-01-01,2024-11-01,true,15500
4703,47,Visa,Debit (Prepaid),2005-01-01,2023-06-01,true,13
4704,47,Mastercard,Debit,2001-07-01,2021-06-01,true,4317
4800,48,Mastercard,Debit,2000-03-01,2021-12-01,false,14719
4801,48,Mastercard,Debit,2017-09-01,2021-05-01,true,9532
4802,48,Mastercard,Credit,2006-07-01,2020-03-01,true,10900
4900,49,Mastercard,Credit,2001-11-01,2024-09-01,true,6200
4901,49,Mastercard,Debit,2005-11-01,2012-12-01,true,2903
4902,49,Mastercard,Debit,1999-12-01,2020-10-01,true,4355
5000,50,Mastercard,Debit,2007-11-01,2021-04-01,true,28963
5001,50,Mastercard,Debit,2016-05-01,2022-12-01,true,20913
5002,50,Mastercard,Debit,2010-02-01,2024-07-01,true,23344
5003,50,Mastercard,Debit,2016-10-01,2020-01-01,true,33642
5100,51,Mastercard,Debit,2010-09-01,2022-01-01,true,14695
5200,52,Mastercard,Credit,2007-01-01,2023-09-01,true,13200
5201,52,Visa,Debit,2008-09-01,2020-01-01,true,29950
5202,52,Visa,Credit,2007-12-01,2024-07-01,true,4600
5300,53,Mastercard,Debit,2002-04-01,2022-12-01,true,10051
5301,53,Mastercard,Debit,2003-02-01,2015-12-01,true,9796
5400,54,Mastercard,Debit,2009-10-01,2021-10-01,true,17826
5401,54,Mastercard,Debit,2006-12-01,2024-11-01,true,19086
5402,54,Visa,Debit,2014-10-01,2024-06-01,true,17345
5403,54,Visa,Debit,2013-02-01,2020-09-01,true,17976
5404,54,Visa,Debit,2019-01-01,2022-01-01,true,16447
5500,55,Visa,Debit,2008-10-01,2024-10-01,true,29573
5501,55,Mastercard,Debit (Prepaid),2010-12-01,2021-12-01,true,98
5502,55,Mastercard,Debit,2002-08-01,2019-08-01,true,2559
5503,55,Mastercard,Debit,2003-01-01,2012-10-01,true,6552
5600,56,Mastercard,Credit,2020-01-01,2021-01-01,true,13800
5700,57,Mastercard,Debit,2020-02-01,2020-08-01,true,16375
5701,57,Visa,Debit,2020-01-01,2023-05-01,true,14213
5702,57,Visa,Debit (Prepaid),2020-02-01,2020-09-01,true,73
5800,58,Mastercard,Debit,2007-07-01,2022-11-01,true,53466
5900,59,Visa,Credit,2011-01-01,2020-09-01,true,6600
5901,59,Mastercard,Credit,2015-12-01,2022-06-01,false,7200
6000,60,Mastercard,Debit,2020-01-01,2020-11-01,true,2868
6001,60,Discover,Credit,2020-01-01,2024-05-01,true,3400
6100,61,Mastercard,Debit,2011-10-01,2022-01-01,true,12915
6101,61,Visa,Debit (Prepaid),2009-04-01,2023-12-01,true,84
6102,61,Discover,Credit,2018-04-01,2021-07-01,true,17600
6103,61,Mastercard,Debit,2006-11-01,2012-12-01,true,31542
6104,61,Mastercard,Debit,2013-06-01,2022-02-01,true,23049
6105,61,Visa,Debit,2017-12-01,2020-05-01,true,29734
6106,61,Visa,Credit,2011-09-01,2020-01-01,true,27000
6107,61,Mastercard,Debit (Prepaid),2008-03-01,2022-11-01,true,18
6200,62,Mastercard,Debit,2015-12-01,2023-04-01,true,17848
6201,62,Mastercard,Debit,2010-05-01,2022-11-01,false,25563
6202,62,Visa,Credit,2010-10-01,2020-04-01,true,12000
6203,62,Amex,Credit,2012-02-01,2018-11-01,false,6600
6300,63,Amex,Credit,2020-01-01,2023-09-01,false,5600
6301,63,Visa,Debit,2020-02-01,2022-11-01,true,11873
6302,63,Mastercard,Credit,2020-02-01,2020-02-01,true,7200
6400,64,Amex,Credit,2020-02-01,2024-08-01,true,10000
6401,64,Mastercard,Credit,2010-11-01,2023-04-01,true,500
6500,65,Mastercard,Debit,2020-02-01,2020-02-01,true,22697
6501,65,Mastercard,Credit,2013-03-01,2023-08-01,true,18000
6502,65,Mastercard,Debit,2010-06-01,2024-10-01,true,32903
6600,66,Visa,Debit,1999-05-01,2021-08-01,true,12764
6601,66,Mastercard,Credit,2019-02-01,2022-10-01,true,6300
6700,67,Mastercard,Debit,2008-09-01,2022-02-01,true,7541
6701,67,Visa,Debit,2007-06-01,2022-03-01,true,1266
6702,67,Mastercard,Credit,2014-09-01,2020-04-01,false,9500
6800,68,Mastercard,Debit,2010-06-01,2020-04-01,true,1837
6801,68,Mastercard,Debit,2006-02-01,2023-08-01,true,17453
6900,69,Visa,Debit,2008-05-01,2013-10-01,false,28283
6901,69,Visa,Credit,2010-05-01,2020-04-01,true,13500
6902,69,Visa,Credit,2012-06-01,2014-07-01,true,13300
7000,70,Mastercard,Debit,2009-04-01,2021-09-01,true,17941
7100,71,Visa,Credit,2010-06-01,2018-04-01,true,14400
7101,71,Visa,Credit,2012-07-01,2020-04-01,true,4400
7102,71,Mastercard,Credit,2020-02-01,2020-03-01,true,13000
7103,71,Visa,Debit,2020-02-01,2023-04-01,true,22701
7200,72,Mastercard,Credit,2020-02-01,2024-08-01,false,16100
7201,72,Mastercard,Debit,2020-02-01,2023-09-01,true,7629
7300,73,Mastercard,Debit,2012-04-01,2022-03-01,false,16538
7301,73,Visa,Debit,2008-01-01,2020-12-01,true,22746
7302,73,Mastercard,Debit,2016-02-01,2016-07-01,true,9737
7303,73,Mastercard,Credit,2011-02-01,2019-07-01,true,6500
7304,73,Mastercard,Debit,2011-02-01,2020-06-01,true,2650
7305,73,Visa,Credit,2009-01-01,2012-05-01,true,8200
7306,73,Amex,Credit,2006-11-01,2022-01-01,true,6200
7400,74,Amex,Credit,2006-11-01,2021-01-01,true,22600
7401,74,Mastercard,Debit,2006-03-01,2024-05-01,true,6940
7402,74,Mastercard,Debit,1996-04-01,2024-03-01,true,23408
7403,74,Visa,Credit,2004-11-01,2022-09-01,true,9700
7500,75,Mastercard,Debit,2006-07-01,2024-06-01,false,10538
7501,75,Mastercard,Debit,2001-08-01,2023-03-01,true,6853
7502,75,Mastercard,Debit,2002-12-01,2020-10-01,true,607
7503,75,Mastercard,Credit,2010-08-01,2021-08-01,true,0
7504,75,Visa,Debit,2004-10-01,2021-06-01,true,8253
7600,76,Visa,Debit,2020-01-01,2020-09-01,true,8492
7700,77,Visa,Credit,2010-01-01,2022-07-01,true,9100
7701,77,Mastercard,Credit,2011-07-01,2022-04-01,false,2600
7702,77,Mastercard,Credit,2002-11-01,2024-05-01,false,7300
7800,78,Visa,Credit,2009-10-01,2020-08-01,true,15000
7801,78,Mastercard,Credit,2020-02-01,2024-04-01,true,18700
7802,78,Visa,Debit,2020-01-01,2021-05-01,true,21458
7803,78,Visa,Credit,2010-11-01,2020-04-01,false,15700
7900,79,Mastercard,Debit,2014-12-01,2020-01-01,true,20765
7901,79,Mastercard,Debit,2020-02-01,2022-06-01,false,18101
7902,79,Visa,Credit,2020-02-01,2024-11-01,true,8400
7903,79,Mastercard,Debit,2020-01-01,2020-03-01,true,1737
8000,80,Mastercard,Credit,2020-02-01,2020-02-01,true,20900
8001,80,Visa,Credit,2020-02-01,2021-11-01,true,23700
8002,80,Mastercard,Credit,2020-01-01,2021-11-01,true,17500
8100,81,Visa,Debit,2009-12-01,2024-06-01,true,26083
8101,81,Visa,Debit,2008-05-01,2022-10-01,true,31589
8102,81,Visa,Credit,2000-10-01,2021-06-01,true,24200
8200,82,Mastercard,Debit,2020-02-01,2020-02-01,true,18321
8300,83,Mastercard,Debit,2002-11-01,2022-10-01,true,7551
8301,83,Mastercard,Debit,2004-08-01,2014-06-01,true,15377
8302,83,Visa,Debit,2007-10-01,2023-03-01,true,12990
8303,83,Visa,Debit,2010-06-01,2023-02-01,true,8509
8400,84,Visa,Debit,2014-11-01,2014-11-01,true,96907
8401,84,Visa,Credit,2008-03-01,2015-07-01,true,43900
8402,84,Visa,Debit (Prepaid),2005-11-01,2020-10-01,true,76
8500,85,Mastercard,Debit,2020-01-01,2020-01-01,true,50915
8501,85,Visa,Debit,2020-02-01,2021-12-01,true,31767
8600,86,Visa,Credit,2008-07-01,2024-04-01,true,13200
8601,86,Mastercard,Credit,2011-02-01,2022-10-01,true,16000
8602,86,Visa,Debit,2020-01-01,2024-07-01,true,18132
8603,86,Visa,Credit,2012-04-01,2019-02-01,true,300
8700,87,Mastercard,Debit,2000-05-01,2022-11-01,true,2236
8701,87,Visa,Debit,2010-09-01,2019-08-01,true,21591
8800,88,Mastercard,Debit,2020-02-01,2020-04-01,true,11521
8801,88,Visa,Credit,2020-01-01,2020-06-01,false,8600
8900,89,Amex,Credit,2003-08-01,2020-03-01,true,9800
8901,89,Visa,Credit,2008-02-01,2012-03-01,true,11300
8902,89,Mastercard,Credit,2009-04-01,2019-10-01,true,8400
8903,89,Mastercard,Debit,1999-01-01,2023-12-01,true,16597
8904,89,Amex,Credit,2008-09-01,2020-09-01,true,9400
9000,90,Visa,Debit,2007-12-01,2008-12-01,true,18702
9100,91,Visa,Debit,2007-06-01,2022-06-01,true,24806
9101,91,Visa,Debit,2007-11-01,2023-05-01,true,19856
9200,92,Visa,Debit (Prepaid),2010-02-01,2021-02-01,true,68
9201,92,Amex,Credit,2009-06-01,2022-12-01,true,4900
9300,93,Mastercard,Debit,2020-02-01,2022-02-01,true,13390
9301,93,Amex,Credit,2020-02-01,2024-11-01,true,8400
9400,94,Amex,Credit,2012-02-01,2024-03-01,true,13700
9500,95,Discover,Credit,2016-06-01,2024-11-01,true,4200
9600,96,Visa,Debit,2009-10-01,2020-08-01,true,2292
9601,96,Amex,Credit,2010-07-01,2021-03-01,true,8800
9700,97,Mastercard,Credit,2006-11-01,2023-03-01,false,7600
9701,97,Visa,Credit,2005-05-01,2021-11-01,true,6200
9800,98,Mastercard,Credit,1999-06-01,2023-07-01,true,12900
9801,98,Mastercard,Debit,2008-09-01,2022-06-01,true,18820
9802,98,Visa,Debit,2004-06-01,2005-07-01,true,16167
9803,98,Mastercard,Credit,2007-02-01,2023-06-01,true,4200
9804,98,Mastercard,Debit,2006-06-01,2024-08-01,true,18861
9805,98,Visa,Debit,2011-02-01,2020-02-01,false,27231
9900,99,Visa,Debit,2020-02-01,2024-12-01,true,24390
9901,99,Mastercard,Debit,2020-02-01,2023-02-01,true,3106
10000,100,Mastercard,Debit,2006-03-01,2020-07-01,true,13595
10001,100,Discover,Credit,2009-10-01,2009-11-01,false,12300
10002,100,Mastercard,Credit,2005-08-01,2019-02-01,true,12300
10003,100,Mastercard,Debit,2016-06-01,2021-04-01,true,20743
10004,100,Mastercard,Debit,2003-06-01,2021-08-01,true,17706
10005,100,Mastercard,Debit,2009-05-01,2022-08-01,true,20962
10006,100,Mastercard,Debit,1997-01-01,2024-03-01,true,19439
10100,101,Visa,Debit,2003-06-01,2022-03-01,false,30160
10101,101,Amex,Credit,2018-06-01,2022-06-01,true,0
10102,101,Visa,Debit,2004-02-01,2012-11-01,false,28937
10200,102,Mastercard,Debit (Prepaid),2005-03-01,2020-05-01,false,22
10201,102,Mastercard,Debit,2004-01-01,2015-08-01,true,1575
10202,102,Mastercard,Debit,2002-10-01,2020-12-01,true,7562
10203,102,Mastercard,Debit,1999-08-01,2024-05-01,true,17211
10204,102,Visa,Credit,2008-05-01,2010-06-01,false,9500
10300,103,Mastercard,Debit,2011-06-01,2022-11-01,true,24191
10301,103,Mastercard,Debit (Prepaid),2005-07-01,2023-03-01,true,68
10302,103,Mastercard,Debit,2007-05-01,2020-02-01,true,8037
10303,103,Mastercard,Debit (Prepaid),2009-02-01,2018-02-01,true,97
10400,104,Mastercard,Debit,2020-01-01,2021-05-01,true,15555
10401,104,Mastercard,Debit,2016-04-01,2016-05-01,true,18242
10402,104,Visa,Debit (Prepaid),2020-02-01,2021-12-01,true,62
10403,104,Visa,Debit,2020-01-01,2022-12-01,false,16715
10500,105,Mastercard,Debit (Prepaid),2020-02-01,2020-02-01,true,46
10600,106,Mastercard,Debit,2012-02-01,2021-04-01,true,20195
10601,106,Mastercard,Debit,2019-06-01,2019-07-01,true,39818
10602,106,Visa,Debit,2010-05-01,2018-09-01,true,33736
10700,107,Mastercard,Debit,2008-08-01,2011-11-01,true,17850
10701,107,Amex,Credit,2005-08-01,2021-02-01,true,11300
10800,108,Visa,Debit,2010-05-01,2015-09-01,false,1981
10801,108,Mastercard,Debit,2009-08-01,2024-07-01,true,15695
10802,108,Mastercard,Debit,2008-03-01,2014-06-01,true,23475
10900,109,Mastercard,Credit,2001-11-01,2017-06-01,true,12900
10901,109,Mastercard,Debit (Prepaid),2011-04-01,2021-02-01,true,91
10902,109,Mastercard,Debit,1999-02-01,2022-10-01,true,15341
11000,110,Mastercard,Debit,2010-09-01,2015-06-01,true,42116
11001,110,Mastercard,Debit,2020-01-01,2020-01-01,false,39312
11100,111,Visa,Debit,2005-06-01,2008-04-01,false,21370
11101,111,Amex,Credit,2011-10-01,2022-12-01,true,16700
11102,111,Amex,Credit,2007-11-01,2024-10-01,true,17800
11103,111,Mastercard,Credit,2007-12-01,2020-11-01,true,16200
11104,111,Amex,Credit,2011-05-01,2020-12-01,true,17700
11200,112,Mastercard,Credit,2000-01-01,2021-03-01,true,14600
11201,112,Visa,Credit,2009-09-01,2024-07-01,true,10700
11202,112,Mastercard,Debit (Prepaid),2010-04-01,2023-07-01,true,89
11300,113,Mastercard,Debit,2006-08-01,2006-09-01,true,11398
11400,114,Mastercard,Credit,2008-12-01,2023-12-01,true,8200
11401,114,Mastercard,Credit,2008-08-01,2021-06-01,true,6100
11402,114,Mastercard,Debit,2011-06-01,2024-07-01,true,15820
11500,115,Mastercard,Debit,2020-02-01,2023-08-01,true,9774
11600,116,Visa,Debit,2013-05-01,2023-09-01,true,22833
11601,116,Visa,Debit,2020-01-01,2022-11-01,true,48502
11602,116,Visa,Debit,2019-04-01,2022-07-01,true,34888
11603,116,Visa,Debit,2014-08-01,2019-08-01,false,29503
11604,116,Mastercard,Debit,2019-01-01,2021-08-01,true,19570
11605,116,Mastercard,Debit,2017-05-01,2023-12-01,true,22297
11606,116,Visa,Debit,2015-06-01,2023-09-01,true,20031
11607,116,Mastercard,Debit,2020-02-01,2020-02-01,true,30323
11608,116,Amex,Credit,2020-01-01,2024-04-01,true,19000
11700,117,Mastercard,Debit,2018-07-01,2020-02-01,true,18162
11701,117,Visa,Debit (Prepaid),2020-01-01,2020-12-01,true,54
11702,117,Mastercard,Credit,2020-02-01,2022-08-01,true,8700
11703,117,Mastercard,Debit,2020-01-01,2021-05-01,true,14295
11800,118,Visa,Debit,2019-11-01,2024-11-01,false,17620
11801,118,Mastercard,Debit,2015-01-01,2020-02-01,true,17201
11802,118,Discover,Credit,2020-01-01,2021-08-01,true,8300
11900,119,Visa,Debit,2008-11-01,2023-08-01,true,17853
11901,119,Mastercard,Debit,2018-04-01,2024-12-01,true,10794
11902,119,Mastercard,Debit,2010-11-01,2019-12-01,true,15832
12000,120,Mastercard,Debit (Prepaid),2006-07-01,2006-10-01,true,26
12001,120,Mastercard,Credit,2007-11-01,2013-05-01,true,16300
12100,121,Mastercard,Debit,2020-01-01,2024-10-01,true,14836
12101,121,Mastercard,Debit,2020-01-01,2024-07-01,true,13972
12200,122,Mastercard,Debit,2013-06-01,2024-06-01,true,33103
12201,122,Mastercard,Debit,2008-08-01,2023-09-01,true,20847
12202,122,Mastercard,Debit,2013-10-01,2013-11-01,true,31807
12203,122,Visa,Credit,2002-02-01,2024-03-01,true,16100
12300,123,Mastercard,Debit,2002-05-01,2021-07-01,true,28894
12301,123,Visa,Debit (Prepaid),2002-02-01,2002-03-01,true,61
12302,123,Visa,Credit,2010-09-01,2023-02-01,true,12500
12400,124,Mastercard,Debit,2009-04-01,2023-06-01,true,15409
12401,124,Mastercard,Credit,2003-10-01,2023-08-01,true,5300
12402,124,Mastercard,Debit,2006-05-01,2016-12-01,true,13469
12500,125,Mastercard,Debit,2020-01-01,2020-05-01,true,16524
12501,125,Mastercard,Debit,2020-01-01,2020-01-01,false,29526
12502,125,Mastercard,Debit,2020-02-01,2023-07-01,true,16407
12600,126,Mastercard,Debit (Prepaid),2008-06-01,2023-04-01,true,61
12601,126,Mastercard,Debit,2009-10-01,2020-11-01,true,40628
12602,126,Mastercard,Debit,2008-04-01,2010-08-01,true,24980
12700,127,Mastercard,Debit,2020-02-01,2020-05-01,true,10290
12701,127,Mastercard,Debit (Prepaid),2018-10-01,2023-01-01,true,84
12800,128,Visa,Debit,2007-03-01,2018-12-01,true,13725
12801,128,Visa,Debit,2008-09-01,2024-12-01,true,8278
12802,128,Visa,Debit,2009-06-01,2020-09-01,true,13514
12803,128,Mastercard,Credit,2011-04-01,2024-11-01,true,3800
12900,129,Mastercard,Debit,2005-04-01,2024-10-01,true,15119
13000,130,Mastercard,Debit (Prepaid),2020-01-01,2021-01-01,true,81
13001,130,Mastercard,Debit,2020-01-01,2020-02-01,true,34183
13002,130,Visa,Credit,2020-01-01,2022-07-01,true,22200
13100,131,Mastercard,Debit,2020-02-01,2022-02-01,true,15117
13101,131,Visa,Debit (Prepaid),2010-06-01,2020-04-01,true,81
13200,132,Mastercard,Debit,2003-06-01,2023-05-01,true,1543
13300,133,Mastercard,Debit,2020-01-01,2024-09-01,true,22821
13301,133,Visa,Credit,2020-02-01,2023-01-01,true,13200
13302,133,Mastercard,Debit,2020-01-01,2024-08-01,true,16330
13303,133,Visa,Debit (Prepaid),2020-01-01,2020-01-01,false,39
13400,134,Mastercard,Credit,2007-11-01,2007-11-01,true,6400
13401,134,Visa,Credit,2000-05-01,2000-05-01,true,3500
13402,134,Visa,Debit,2018-12-01,2023-04-01,true,12606
13403,134,Visa,Debit,2018-01-01,2023-02-01,true,9921
13404,134,Visa,Debit (Prepaid),2007-08-01,2022-05-01,true,96
13405,134,Mastercard,Debit,2003-02-01,2024-12-01,true,18964
13500,135,Mastercard,Debit,2007-04-01,2024-01-01,true,3711
13600,136,Mastercard,Debit,2015-02-01,2023-03-01,false,35279
13601,136,Visa,Credit,2008-11-01,2020-07-01,true,13800
13602,136,Mastercard,Debit,2002-07-01,2022-02-01,true,24215
13700,137,Visa,Credit,2007-11-01,2024-09-01,true,19400
13701,137,Visa,Debit (Prepaid),2005-03-01,2020-06-01,true,30
13702,137,Visa,Debit,2010-01-01,2024-03-01,true,17208
13703,137,Mastercard,Credit,2001-01-01,2004-11-01,true,18300
13704,137,Mastercard,Debit,2014-02-01,2021-09-01,true,51012
13705,137,Amex,Credit,2009-01-01,2019-02-01,true,15000
13800,138,Visa,Credit,2006-05-01,2018-04-01,true,7600
13801,138,Mastercard,Debit,2005-03-01,2023-11-01,true,8052
13802,138,Mastercard,Credit,2005-03-01,2024-07-01,true,8600
13803,138,Mastercard,Debit,2019-10-01,2020-08-01,true,20128
13804,138,Amex,Credit,2008-07-01,2023-03-01,true,9000
13805,138,Mastercard,Debit (Prepaid),2011-11-01,2020-10-01,true,91
13900,139,Amex,Credit,1996-02-01,2024-12-01,true,6800
13901,139,Mastercard,Debit (Prepaid),2010-05-01,2011-07-01,true,93
13902,139,Visa,Credit,2013-03-01,2016-01-01,true,9800
13903,139,Visa,Credit,2010-06-01,2021-01-01,true,6700
14000,140,Visa,Credit,2006-01-01,2023-05-01,true,9800
14001,140,Visa,Debit,2006-06-01,2018-01-01,true,24544
14002,140,Mastercard,Debit,2008-05-01,2023-05-01,true,22639
14003,140,Discover,Credit,2015-07-01,2023-11-01,true,1100
14004,140,Mastercard,Debit (Prepaid),2013-04-01,2016-05-01,true,86
14100,141,Visa,Debit,2010-04-01,2020-08-01,true,2330
14101,141,Visa,Credit,2020-02-01,2020-08-01,true,5900
14200,142,Visa,Debit,2007-12-01,2020-02-01,true,47372
14201,142,Visa,Debit,2010-05-01,2022-07-01,false,28127
14202,142,Mastercard,Debit (Prepaid),2006-09-01,2010-03-01,true,28
14203,142,Visa,Debit,2020-02-01,2024-03-01,true,62081
14300,143,Amex,Credit,2011-09-01,2022-11-01,true,5800
14301,143,Visa,Credit,2009-07-01,2016-07-01,true,6700
14302,143,Visa,Credit,2006-03-01,2015-02-01,true,6700
14303,143,Mastercard,Debit,2004-12-01,2022-07-01,true,1424
14400,144,Mastercard,Debit (Prepaid),2020-02-01,2024-07-01,false,58
14401,144,Visa,Credit,2006-07-01,2009-05-01,true,19400
14402,144,Visa,Debit,2010-12-01,2012-05-01,true,4052
14403,144,Visa,Credit,2004-04-01,2010-05-01,true,9300
14500,145,Visa,Credit,2020-02-01,2022-05-01,true,9600
14501,145,Mastercard,Debit,2020-02-01,2020-02-01,true,16923
14600,146,Mastercard,Credit,2020-01-01,2020-02-01,true,7700
14700,147,Mastercard,Debit,2020-02-01,2022-07-01,true,146
14800,148,Mastercard,Debit,2009-05-01,2023-03-01,false,12091
14801,148,Mastercard,Debit,2006-09-01,2006-11-01,true,11157
14802,148,Visa,Credit,2002-12-01,2010-07-01,true,7100
14803,148,Mastercard,Debit,2010-08-01,2012-01-01,true,7612
14804,148,Visa,Credit,2013-02-01,2021-12-01,true,6100
14900,149,Visa,Debit,2008-12-01,2023-07-01,true,27706
14901,149,Mastercard,Debit (Prepaid),2008-03-01,2009-04-01,false,45
14902,149,Mastercard,Debit,2000-02-01,2021-05-01,false,2046
14903,149,Mastercard,Credit,2012-09-01,2024-10-01,true,17400
14904,149,Mastercard,Debit,2008-12-01,2020-05-01,true,26231
15000,150,Visa,Credit,2007-06-01,2009-02-01,true,18300
15001,150,Visa,Credit,2001-07-01,2016-05-01,true,13900
15100,151,Mastercard,Credit,1999-06-01,2022-08-01,true,17200
15101,151,Visa,Debit,2006-10-01,2023-06-01,true,14217
15102,151,Mastercard,Debit,2007-04-01,2024-03-01,true,39533
15103,151,Mastercard,Debit,2008-08-01,2023-04-01,true,3141
15104,151,Visa,Credit,2014-04-01,2022-11-01,true,12800
15105,151,Mastercard,Debit,2010-09-01,2020-01-01,false,38342
15200,152,Mastercard,Credit,2020-01-01,2020-01-01,true,3000
15300,153,Visa,Debit,2020-02-01,2020-12-01,false,16486
15400,154,Mastercard,Debit,2020-01-01,2024-05-01,true,28868
15401,154,Mastercard,Debit,2020-01-01,2021-02-01,true,51836
15500,155,Visa,Credit,2020-02-01,2021-09-01,true,8900
15501,155,Mastercard,Credit,2020-02-01,2020-02-01,true,9900
15502,155,Visa,Debit,2020-01-01,2020-02-01,true,22935
15503,155,Visa,Credit,2020-02-01,2023-10-01,true,7900
15504,155,Mastercard,Debit,2014-12-01,2020-02-01,true,17336
15600,156,Visa,Debit,2011-07-01,2021-03-01,true,20206
15601,156,Visa,Credit,2018-01-01,2023-10-01,true,9900
15602,156,Mastercard,Debit (Prepaid),2012-01-01,2021-11-01,false,78
15603,156,Mastercard,Debit,2010-11-01,2023-05-01,true,17335
15604,156,Visa,Credit,2003-01-01,2024-06-01,true,9700
15700,157,Visa,Debit,2004-12-01,2021-06-01,false,25048
15701,157,Visa,Debit,2014-03-01,2014-12-01,true,25214
15702,157,Mastercard,Debit,2020-02-01,2023-04-01,true,33580
15800,158,Visa,Debit,2011-03-01,2013-04-01,false,1952
15900,159,Mastercard,Debit,2009-07-01,2023-05-01,true,18491
15901,159,Visa,Credit,2010-08-01,2013-02-01,true,9800
15902,159,Mastercard,Credit,2009-12-01,2021-12-01,true,0
16000,160,Mastercard,Debit,2011-01-01,2023-09-01,true,5857
16001,160,Visa,Debit,2007-10-01,2020-06-01,true,10366
16002,160,Visa,Debit,2004-04-01,2024-01-01,true,10161
16003,160,Mastercard,Debit,2005-01-01,2021-04-01,true,9297
16004,160,Visa,Debit,2003-07-01,2021-09-01,true,12434
16100,161,Mastercard,Debit,2010-11-01,2020-04-01,true,29973
16101,161,Visa,Debit,2015-09-01,2020-02-01,true,25330
16102,161,Visa,Debit,2006-04-01,2020-04-01,true,52609
16103,161,Visa,Credit,2006-12-01,2020-10-01,true,25200
16200,162,Visa,Debit,1996-12-01,2022-11-01,true,11832
16201,162,Visa,Credit,2008-04-01,2016-08-01,true,5400
16202,162,Mastercard,Debit,2009-06-01,2024-01-01,false,3384
16300,163,Mastercard,Debit,2012-06-01,2014-04-01,true,13756
16301,163,Mastercard,Debit,2006-01-01,2022-06-01,true,9263
16302,163,Mastercard,Debit,2014-04-01,2024-12-01,true,16899
16303,163,Visa,Credit,2004-06-01,2022-01-01,true,5700
16304,163,Mastercard,Debit (Prepaid),2007-03-01,2021-05-01,true,46
16400,164,Mastercard,Credit,2020-02-01,2024-01-01,true,11400
16500,165,Mastercard,Debit (Prepaid),2011-11-01,2022-08-01,true,95
16501,165,Mastercard,Credit,2007-02-01,2023-06-01,true,10700
16502,165,Amex,Credit,2011-06-01,2024-02-01,true,8700
16503,165,Visa,Debit,2004-06-01,2022-01-01,true,12150
16600,166,Discover,Credit,2017-06-01,2019-03-01,true,7800
16601,166,Visa,Debit,2013-02-01,2013-10-01,false,13761
16700,167,Visa,Debit,2010-07-01,2020-06-01,true,45377
16800,168,Mastercard,Debit,2020-01-01,2020-01-01,true,18091
16801,168,Mastercard,Debit,2020-01-01,2022-12-01,true,14514
16900,169,Mastercard,Credit,2020-02-01,2022-03-01,true,15900
16901,169,Visa,Credit,2020-01-01,2020-12-01,true,13000
16902,169,Visa,Debit,2020-01-01,2021-09-01,true,17905
17000,170,Visa,Credit,2010-11-01,2022-07-01,true,7000
17001,170,Visa,Credit,2010-04-01,2020-07-01,true,7100
17002,170,Mastercard,Debit,2005-05-01,2024-06-01,true,16476
17003,170,Visa,Credit,2006-12-01,2009-10-01,false,7200
17100,171,Mastercard,Credit,2010-12-01,2017-10-01,true,11800
17101,171,Mastercard,Debit,2010-08-01,2018-12-01,true,6832
17102,171,Mastercard,Debit,2009-09-01,2023-12-01,true,6222
17200,172,Amex,Credit,2007-05-01,2024-03-01,true,13300
17201,172,Visa,Debit,2003-12-01,2023-08-01,true,2942
17202,172,Visa,Debit,2005-06-01,2022-12-01,true,33539
17300,173,Visa,Credit,2020-02-01,2023-04-01,true,14000
17301,173,Visa,Debit,2020-01-01,2024-06-01,true,20160
17400,174,Mastercard,Debit,2020-01-01,2022-03-01,true,35466
17401,174,Visa,Debit,2020-02-01,2020-02-01,true,24677
17402,174,Visa,Debit,2020-02-01,2020-02-01,true,16520
17500,175,Visa,Debit,2005-10-01,2008-04-01,true,6708
17501,175,Mastercard,Credit,2014-01-01,2022-10-01,true,1200
17502,175,Visa,Debit,2011-08-01,2022-06-01,true,10903
17503,175,Mastercard,Debit,2013-02-01,2021-10-01,true,6710
17504,175,Mastercard,Debit,2017-11-01,2024-05-01,true,10841
17600,176,Visa,Debit (Prepaid),2020-01-01,2024-11-01,true,40
17601,176,Mastercard,Debit,2008-05-01,2023-05-01,true,29340
17602,176,Amex,Credit,2018-06-01,2020-06-01,true,13600
17603,176,Mastercard,Credit,2010-05-01,2022-09-01,true,7700
17700,177,Mastercard,Debit,2004-11-01,2021-11-01,true,18803
17701,177,Mastercard,Debit,1998-06-01,2022-10-01,true,28405
17702,177,Mastercard,Debit,2011-02-01,2011-04-01,true,15521
17800,178,Visa,Credit,2001-01-01,2021-06-01,true,3800
17801,178,Visa,Credit,2010-06-01,2022-10-01,true,10900
17802,178,Mastercard,Debit,2008-01-01,2023-03-01,true,1930
17803,178,Discover,Credit,2014-08-01,2024-03-01,true,13900
17900,179,Mastercard,Debit,2010-01-01,2024-03-01,true,5575
17901,179,Amex,Credit,2016-04-01,2023-05-01,false,8300
17902,179,Visa,Debit,2009-01-01,2020-05-01,true,13009
17903,179,Mastercard,Debit,2020-01-01,2024-12-01,true,12029
17904,179,Visa,Credit,2020-01-01,2022-08-01,true,6100
18000,180,Visa,Debit,2013-08-01,2022-10-01,true,24123
18001,180,Visa,Credit,2008-02-01,2015-03-01,true,14700
18002,180,Visa,Debit (Prepaid),2006-12-01,2020-02-01,true,12
18003,180,Visa,Debit,2004-09-01,2020-07-01,true,11737
18100,181,Visa,Debit,1997-03-01,2024-01-01,true,14366
18101,181,Mastercard,Debit,2015-01-01,2015-08-01,true,17272
18102,181,Mastercard,Debit,2002-07-01,2023-11-01,true,13605
18200,182,Visa,Credit,2005-07-01,2023-05-01,true,21000
18300,183,Mastercard,Debit,2020-02-01,2024-05-01,true,21470
18400,184,Visa,Debit,2017-09-01,2017-12-01,true,26850
18401,184,Visa,Credit,2009-02-01,2024-09-01,true,10400
18402,184,Visa,Credit,2007-10-01,2008-07-01,true,8000
18403,184,Visa,Credit,2000-04-01,2020-01-01,true,13000
18404,184,Mastercard,Debit,2006-07-01,2020-03-01,true,5840
18405,184,Mastercard,Debit (Prepaid),2008-03-01,2012-02-01,true,68
18500,185,Amex,Credit,2010-09-01,2022-10-01,true,16000
18501,185,Visa,Debit,2002-06-01,2008-03-01,false,32223
18502,185,Mastercard,Debit,2010-10-01,2022-01-01,true,13323
18503,185,Visa,Debit,2001-08-01,2021-07-01,true,576
18600,186,Visa,Debit,2007-04-01,2024-09-01,true,25977
18601,186,Visa,Debit (Prepaid),2014-08-01,2016-03-01,true,84
18700,187,Mastercard,Debit (Prepaid),2006-09-01,2021-10-01,true,23
18701,187,Visa,Credit,1999-11-01,2023-09-01,false,5200
18800,188,Mastercard,Debit (Prepaid),2006-06-01,2013-08-01,true,66
18801,188,Amex,Credit,2006-10-01,2024-06-01,true,1200
18802,188,Mastercard,Debit,2007-01-01,2020-11-01,true,20759
18803,188,Mastercard,Credit,2001-06-01,2024-06-01,true,15100
18804,188,Mastercard,Credit,2020-01-01,2021-10-01,true,11100
18900,189,Mastercard,Debit (Prepaid),2020-01-01,2022-05-01,true,52
19000,190,Mastercard,Debit,2004-09-01,2024-08-01,true,15110
19001,190,Mastercard,Credit,2010-09-01,2023-04-01,true,10600
19002,190,Visa,Credit,2005-09-01,2020-01-01,true,8600
19003,190,Amex,Credit,2010-08-01,2020-09-01,true,8400
19004,190,Mastercard,Credit,2014-05-01,2022-10-01,true,11100
19100,191,Mastercard,Credit,2008-02-01,2021-11-01,true,2800
19200,192,Visa,Credit,2016-12-01,2019-09-01,true,5700
19201,192,Visa,Debit,2002-06-01,2011-08-01,true,12252
19202,192,Mastercard,Debit,2013-06-01,2023-12-01,true,22420
19300,193,Visa,Debit,2005-10-01,2018-09-01,true,3715
19301,193,Visa,Debit (Prepaid),2009-08-01,2021-06-01,true,67
19302,193,Visa,Debit,2007-07-01,2020-11-01,true,26460
19303,193,Visa,Debit,2009-09-01,2023-11-01,true,12783
19400,194,Amex,Credit,2006-01-01,2023-03-01,true,21400
19401,194,Visa,Credit,2007-06-01,2021-02-01,false,13600
19402,194,Mastercard,Debit,2013-10-01,2020-03-01,false,46201
19500,195,Visa,Credit,2010-04-01,2022-04-01,true,7700
19600,196,Mastercard,Debit,2005-10-01,2010-01-01,true,18937
19700,197,Mastercard,Debit,2012-06-01,2021-10-01,true,14539
19701,197,Mastercard,Debit,2011-12-01,2020-03-01,true,21723
19800,198,Mastercard,Debit,2020-02-01,2023-12-01,true,16858
19900,199,Visa,Debit,2020-02-01,2022-09-01,false,22143
19901,199,Visa,Debit (Prepaid),2020-02-01,2023-03-01,true,61
19902,199,Mastercard,Debit,2016-11-01,2022-04-01,true,15683
20000,200,Mastercard,Debit (Prepaid),2020-01-01,2020-08-01,true,65
20100,201,Mastercard,Debit,2019-09-01,2022-04-01,true,12139
20101,201,Visa,Debit,2001-07-01,2021-07-01,true,10130
20102,201,Visa,Credit,2004-07-01,2023-08-01,true,7300
20103,201,Visa,Debit (Prepaid),2009-11-01,2012-01-01,false,57
20104,201,Visa,Credit,2010-06-01,2022-11-01,true,3800
20105,201,Mastercard,Debit (Prepaid),2008-07-01,2021-03-01,true,121
20200,202,Mastercard,Debit,2006-02-01,2020-11-01,true,13569
20300,203,Mastercard,Debit,2020-01-01,2020-02-01,true,15358
20400,204,Mastercard,Debit,1999-11-01,1999-12-01,false,9550
20401,204,Visa,Credit,2011-06-01,2024-03-01,true,17300
20500,205,Mastercard,Credit,2007-08-01,2021-02-01,true,15000
20501,205,Visa,Debit (Prepaid),2008-07-01,2023-04-01,true,106
20502,205,Visa,Credit,2010-03-01,2021-04-01,true,20100
20503,205,Visa,Debit (Prepaid),2000-08-01,2022-12-01,true,50
20600,206,Mastercard,Debit,2008-03-01,2015-02-01,true,10843
20601,206,Visa,Debit,2014-04-01,2023-08-01,true,12057
20700,207,Mastercard,Credit,2019-05-01,2022-03-01,true,11100
20701,207,Visa,Debit,2004-07-01,2012-06-01,true,13969
20702,207,Mastercard,Credit,2003-07-01,2023-04-01,true,7600
20800,208,Visa,Debit,2020-01-01,2024-10-01,true,9578
20801,208,Visa,Debit,2020-02-01,2023-10-01,true,16711
20802,208,Mastercard,Debit,2018-12-01,2020-11-01,true,15435
20803,208,Amex,Credit,2020-01-01,2020-06-01,true,14300
20900,209,Mastercard,Debit,2015-04-01,2020-04-01,true,9431
20901,209,Mastercard,Credit,2009-07-01,2022-04-01,true,6100
21000,210,Discover,Credit,2010-10-01,2014-09-01,true,17400
21001,210,Mastercard,Debit,2006-11-01,2024-01-01,true,35500
21002,210,Mastercard,Debit,2004-06-01,2023-08-01,true,27687
21100,211,Mastercard,Debit,2020-02-01,2024-01-01,false,40073
21101,211,Mastercard,Credit,2020-02-01,2023-08-01,true,22000
21102,211,Visa,Debit,2020-01-01,2021-03-01,false,8509
21200,212,Mastercard,Debit,2013-06-01,2018-12-01,true,11037
21201,212,Mastercard,Debit,2007-03-01,2023-10-01,true,16986
21202,212,Visa,Credit,2007-10-01,2011-03-01,true,8800
21203,212,Mastercard,Debit,2010-08-01,2024-01-01,true,8212
21204,212,Visa,Debit,2007-09-01,2023-09-01,true,24270
21300,213,Visa,Debit,2020-01-01,2024-01-01,true,12586
21400,214,Amex,Credit,2018-01-01,2019-09-01,false,11800
21500,215,Mastercard,Debit,2003-03-01,2021-10-01,false,18050
21501,215,Discover,Credit,2010-07-01,2022-09-01,true,21800
21600,216,Mastercard,Debit (Prepaid),2020-02-01,2024-04-01,true,97
21700,217,Amex,Credit,2008-04-01,2009-05-01,true,19600
21701,217,Discover,Credit,2011-03-01,2019-12-01,false,21900
21702,217,Visa,Credit,2008-11-01,2008-12-01,true,21400
21703,217,Mastercard,Debit,2009-10-01,2024-02-01,false,34572
21800,218,Mastercard,Credit,2020-02-01,2020-08-01,true,11700
21900,219,Mastercard,Credit,2008-01-01,2020-02-01,true,8500
21901,219,Mastercard,Debit,2009-09-01,2021-08-01,true,19928
21902,219,Mastercard,Debit,2010-11-01,2023-01-01,true,9902
22000,220,Visa,Credit,2002-02-01,2021-04-01,true,11000
22001,220,Mastercard,Credit,2010-09-01,2023-08-01,true,6300
22002,220,Visa,Debit,2012-08-01,2022-12-01,true,22474
22003,220,Mastercard,Debit,2001-08-01,2024-08-01,true,24926
22100,221,Mastercard,Debit (Prepaid),2020-02-01,2020-02-01,true,77
22200,222,Visa,Credit,2020-01-01,2020-02-01,true,9100
22201,222,Mastercard,Debit,2009-12-01,2018-07-01,true,10838
22202,222,Mastercard,Debit,2020-01-01,2020-07-01,true,1940
22203,222,Mastercard,Debit,2008-07-01,2016-06-01,true,100
22300,223,Mastercard,Debit,2007-10-01,2021-01-01,true,23231
22301,223,Visa,Debit,2005-03-01,2009-03-01,true,17323
22302,223,Visa,Credit,2005-02-01,2021-07-01,true,11800
22303,223,Mastercard,Credit,2017-07-01,2022-06-01,true,6100
22304,223,Mastercard,Debit,2016-04-01,2022-06-01,true,18241
22305,223,Visa,Debit (Prepaid),2004-05-01,2007-11-01,false,100
22400,224,Mastercard,Credit,2007-11-01,2007-12-01,true,12700
22500,225,Visa,Credit,2008-04-01,2022-03-01,true,4600
22600,226,Mastercard,Debit,2020-01-01,2023-05-01,true,21106
22601,226,Mastercard,Debit,2020-02-01,2020-02-01,true,16417
22602,226,Mastercard,Credit,2015-02-01,2020-10-01,true,6500
22700,227,Mastercard,Credit,2020-01-01,2020-08-01,true,5600
22800,228,Mastercard,Credit,2012-03-01,2015-07-01,true,5700
22801,228,Visa,Credit,2011-12-01,2022-11-01,true,11800
22802,228,Visa,Credit,2007-02-01,2022-05-01,true,20700
22803,228,Mastercard,Debit,2016-02-01,2021-02-01,true,17587
22900,229,Visa,Debit,2009-10-01,2021-01-01,true,24651
22901,229,Visa,Debit,2003-12-01,2020-02-01,true,27727
23000,230,Mastercard,Debit,2008-11-01,2023-12-01,true,21727
23001,230,Visa,Credit,2010-12-01,2023-08-01,true,13900
23002,230,Mastercard,Credit,2019-07-01,2022-05-01,true,10300
23100,231,Visa,Debit (Prepaid),2020-01-01,2024-11-01,true,16
23200,232,Visa,Debit,2020-01-01,2024-04-01,true,9146
23201,232,Mastercard,Credit,2020-02-01,2020-02-01,true,5000
23300,233,Mastercard,Debit,2016-04-01,2016-07-01,true,17895
23301,233,Visa,Debit (Prepaid),2011-08-01,2022-01-01,true,59
23302,233,Visa,Credit,2004-02-01,2022-07-01,true,11800
23400,234,Mastercard,Debit (Prepaid),2012-03-01,2016-10-01,true,74
23401,234,Mastercard,Debit,2001-08-01,2020-05-01,true,13168
23402,234,Mastercard,Debit,2005-04-01,2006-07-01,true,12431
23500,235,Mastercard,Debit,2020-02-01,2020-02-01,true,21478
23501,235,Mastercard,Debit,2006-09-01,2022-06-01,true,4583
23502,235,Visa,Debit (Prepaid),2020-02-01,2020-02-01,true,11
23600,236,Visa,Credit,2007-10-01,2020-07-01,true,5800
23601,236,Mastercard,Debit,2006-05-01,2013-01-01,true,2704
23602,236,Mastercard,Debit,2005-07-01,2021-04-01,false,7581
23700,237,Visa,Credit,2020-02-01,2020-02-01,false,10200
23701,237,Mastercard,Debit,2020-01-01,2022-10-01,true,9984
23702,237,Visa,Debit,2020-02-01,2022-04-01,true,2174
23703,237,Visa,Credit,2020-01-01,2023-03-01,true,200
23800,238,Mastercard,Credit,2020-02-01,2021-04-01,true,7900
23801,238,Visa,Debit,2011-04-01,2020-03-01,false,20827
23802,238,Mastercard,Debit (Prepaid),2020-02-01,2020-02-01,false,74
23803,238,Visa,Debit,2020-02-01,2020-02-01,true,52585
23804,238,Visa,Credit,2008-12-01,2023-06-01,false,16700
23900,239,Visa,Debit,2004-08-01,2023-12-01,true,32030
23901,239,Mastercard,Debit (Prepaid),2019-09-01,2020-11-01,true,64
23902,239,Mastercard,Debit (Prepaid),2006-01-01,2014-06-01,true,78
23903,239,Visa,Credit,2008-04-01,2022-11-01,true,18500
23904,239,Mastercard,Debit,2006-10-01,2019-09-01,true,26357
23905,239,Mastercard,Debit,2010-10-01,2020-12-01,true,28864
23906,239,Mastercard,Debit,2000-02-01,2020-07-01,false,19651
23907,239,Mastercard,Debit,2003-07-01,2021-10-01,false,52179
24000,240,Mastercard,Debit,2014-08-01,2022-08-01,true,47709
24001,240,Visa,Debit,2008-09-01,2016-03-01,true,54128
24002,240,Visa,Debit,2018-08-01,2024-08-01,true,39389
24003,240,Visa,Credit,2008-07-01,2020-02-01,true,29800
24100,241,Discover,Credit,2020-01-01,2020-01-01,true,19100
24101,241,Visa,Debit,2009-05-01,2009-07-01,false,2819
24102,241,Visa,Credit,2020-01-01,2020-01-01,true,12100
24103,241,Mastercard,Credit,2010-04-01,2021-08-01,true,18000
24200,242,Mastercard,Credit,2007-02-01,2019-11-01,true,8700
24201,242,Visa,Debit (Prepaid),2007-05-01,2020-02-01,true,30
24202,242,Mastercard,Debit,2002-03-01,2013-08-01,true,22248
24300,243,Mastercard,Debit (Prepaid),2002-03-01,2007-09-01,true,69
24301,243,Discover,Credit,2005-07-01,2024-08-01,true,9600
24302,243,Mastercard,Debit,2005-08-01,2022-02-01,true,4319
24400,244,Visa,Debit,2020-01-01,2020-01-01,true,24079
24500,245,Mastercard,Debit,2020-01-01,2020-02-01,true,10058
24600,246,Visa,Debit,2018-04-01,2023-07-01,true,974
24601,246,Mastercard,Debit,2011-05-01,2020-07-01,true,1212
24700,247,Visa,Credit,2018-04-01,2021-02-01,true,2700
24701,247,Mastercard,Debit,2010-05-01,2022-08-01,true,16113
24800,248,Amex,Credit,2019-08-01,2019-12-01,true,13700
24900,249,Visa,Debit,2005-02-01,2024-03-01,false,19097
25000,250,Mastercard,Debit,2020-02-01,2020-02-01,true,12874
25100,251,Visa,Credit,2005-06-01,2015-09-01,true,8900
25200,252,Mastercard,Debit (Prepaid),1996-09-01,2024-12-01,true,46
25201,252,Visa,Debit,2003-07-01,2015-10-01,true,13116
25202,252,Visa,Debit,2010-02-01,2021-10-01,true,21022
25300,253,Visa,Credit,2020-01-01,2021-01-01,false,13200
25301,253,Mastercard,Debit,2020-02-01,2020-02-01,true,12569
25400,254,Visa,Credit,2006-05-01,2010-08-01,true,10100
25401,254,Mastercard,Debit,2006-02-01,2012-09-01,true,15714
25402,254,Visa,Credit,2016-03-01,2017-08-01,true,15000
25403,254,Mastercard,Debit,2008-02-01,2022-03-01,false,14664
25404,254,Mastercard,Debit,2015-05-01,2015-10-01,true,12605
25500,255,Mastercard,Credit,2006-11-01,2023-10-01,true,500
25501,255,Mastercard,Debit,2017-04-01,2021-06-01,true,15492
25502,255,Mastercard,Credit,2007-04-01,2020-11-01,true,12800
25503,255,Mastercard,Credit,2020-02-01,2023-02-01,true,3300
25504,255,Discover,Credit,2001-12-01,2020-08-01,true,15500
25505,255,Amex,Credit,2006-04-01,2022-06-01,true,4100
25600,256,Mastercard,Debit,2010-04-01,2020-02-01,true,18764
25601,256,Visa,Debit,2020-01-01,2022-07-01,true,33302
25602,256,Amex,Credit,2007-07-01,2024-07-01,true,12600
25603,256,Visa,Debit,2009-02-01,2023-07-01,true,28320
25700,257,Mastercard,Debit,2008-03-01,2023-10-01,true,2883
25701,257,Mastercard,Debit,2003-04-01,2023-05-01,true,28886
25702,257,Discover,Credit,2009-01-01,2022-11-01,true,14400
25703,257,Mastercard,Debit (Prepaid),2008-06-01,2023-12-01,false,86
25704,257,Mastercard,Credit,2008-12-01,2024-02-01,false,11800
25705,257,Mastercard,Credit,2003-08-01,2021-02-01,true,18900
25706,257,Mastercard,Debit,2018-04-01,2020-06-01,true,37318
25800,258,Discover,Credit,2012-10-01,2020-01-01,true,2400
25900,259,Visa,Credit,2013-09-01,2019-05-01,false,3500
25901,259,Mastercard,Credit,2006-03-01,2022-12-01,true,10400
25902,259,Visa,Debit,2007-05-01,2020-08-01,true,10629
25903,259,Visa,Debit (Prepaid),2008-08-01,2023-11-01,true,64
26000,260,Visa,Debit,2005-08-01,2024-07-01,true,13361
26001,260,Mastercard,Debit,2013-12-01,2021-05-01,true,24739
26002,260,Visa,Debit,2009-12-01,2022-08-01,true,12978
26003,260,Visa,Credit,2011-07-01,2021-11-01,true,9500
26100,261,Mastercard,Debit,2015-01-01,2021-02-01,true,15331
26101,261,Visa,Debit,2001-04-01,2010-10-01,true,16725
26102,261,Visa,Debit,2013-07-01,2014-04-01,true,22861
26103,261,Mastercard,Debit,2008-09-01,2024-05-01,true,24186
26200,262,Mastercard,Debit (Prepaid),2008-01-01,2024-03-01,true,21
26201,262,Visa,Debit,2004-07-01,2023-09-01,true,32075
26202,262,Mastercard,Debit,2008-09-01,2020-05-01,true,3934
26203,262,Mastercard,Debit,2011-10-01,2022-06-01,true,5204
26204,262,Visa,Debit,2008-04-01,2023-04-01,true,11239
26300,263,Mastercard,Credit,2020-02-01,2020-02-01,true,11200
26301,263,Visa,Debit,2020-02-01,2022-06-01,true,10430
26302,263,Visa,Credit,2020-02-01,2021-12-01,true,9400
26400,264,Mastercard,Debit,2020-01-01,2022-01-01,false,18296
26401,264,Discover,Credit,2020-02-01,2024-03-01,true,4300
26500,265,Visa,Credit,2019-11-01,2022-02-01,true,7500
26501,265,Visa,Debit,2020-01-01,2021-09-01,true,22811
26502,265,Visa,Debit,2020-01-01,2022-05-01,true,9865
26600,266,Visa,Debit,2003-01-01,2024-08-01,true,27584
26601,266,Visa,Debit (Prepaid),2009-08-01,2024-02-01,true,50
26602,266,Mastercard,Debit,2010-07-01,2011-10-01,true,23152
26603,266,Mastercard,Debit,2007-07-01,2022-01-01,true,11108
26700,267,Mastercard,Debit,2020-02-01,2023-05-01,true,37192
26701,267,Mastercard,Debit (Prepaid),2012-09-01,2017-10-01,true,59
26800,268,Mastercard,Debit,2005-10-01,2009-06-01,true,24413
26801,268,Mastercard,Debit,2004-07-01,2020-10-01,true,27491
26802,268,Visa,Credit,2004-05-01,2023-03-01,true,12100
26803,268,Visa,Debit,2017-06-01,2024-03-01,true,19256
26900,269,Mastercard,Debit,2020-01-01,2024-07-01,true,12053
26901,269,Visa,Credit,2013-01-01,2020-02-01,true,8700
26902,269,Mastercard,Debit,2012-07-01,2023-09-01,true,19267
26903,269,Visa,Debit,2008-05-01,2013-05-01,true,14074
27000,270,Visa,Credit,2020-02-01,2020-02-01,true,0
27001,270,Visa,Credit,2020-02-01,2021-11-01,false,12300
27002,270,Mastercard,Debit,2020-01-01,2020-02-01,false,2055
27100,271,Mastercard,Debit,2012-08-01,2021-12-01,true,33070
27101,271,Mastercard,Debit,2014-12-01,2024-08-01,true,16094
27102,271,Mastercard,Debit,2009-11-01,2020-02-01,true,19651
27103,271,Mastercard,Debit,2020-02-01,2023-06-01,true,23875
27104,271,Mastercard,Credit,2008-03-01,2023-09-01,true,10600
27105,271,Mastercard,Debit,2005-08-01,2010-10-01,true,26774
27106,271,Mastercard,Debit,2007-10-01,2022-12-01,false,7842
27200,272,Visa,Debit (Prepaid),2019-07-01,2024-04-01,true,55
27201,272,Mastercard,Credit,2007-05-01,2014-09-01,true,12600
27202,272,Mastercard,Debit,2010-04-01,2012-06-01,true,16647
27203,272,Amex,Credit,2013-11-01,2022-12-01,true,8600
27204,272,Mastercard,Credit,2011-01-01,2012-11-01,true,15900
27205,272,Amex,Credit,2008-03-01,2009-09-01,true,5800
27300,273,Mastercard,Debit,2020-01-01,2024-09-01,true,31845
27301,273,Mastercard,Credit,2012-01-01,2018-10-01,true,25300
27302,273,Mastercard,Debit,2012-03-01,2022-07-01,true,35299
27400,274,Mastercard,Debit,2020-01-01,2020-01-01,true,7488
27401,274,Mastercard,Credit,2020-01-01,2021-07-01,true,10200
27402,274,Visa,Credit,2020-02-01,2022-09-01,false,15300
27500,275,Visa,Debit,2000-07-01,2022-05-01,true,23798
27501,275,Mastercard,Debit,2009-02-01,2023-06-01,true,20859
27502,275,Discover,Credit,2007-05-01,2007-07-01,true,9200
27503,275,Mastercard,Debit,2002-09-01,2024-02-01,true,35681
27504,275,Amex,Credit,2017-09-01,2023-08-01,true,9000
27505,275,Visa,Debit,2015-05-01,2021-01-01,true,15206
27600,276,Mastercard,Credit,2017-09-01,2020-10-01,true,19800
27700,277,Mastercard,Credit,2020-02-01,2024-02-01,false,5400
27701,277,Mastercard,Debit,2020-02-01,2022-01-01,true,15834
27702,277,Mastercard,Debit,2020-01-01,2020-05-01,true,15688
27703,277,Mastercard,Credit,2020-02-01,2024-09-01,true,12200
27800,278,Mastercard,Credit,2008-11-01,2020-11-01,true,12500
27801,278,Mastercard,Debit,2004-09-01,2022-04-01,true,5796
27802,278,Visa,Debit (Prepaid),2003-09-01,2022-06-01,true,109
27803,278,Visa,Debit,2020-02-01,2020-07-01,true,15747
27900,279,Mastercard,Credit,2020-01-01,2021-04-01,true,11900
27901,279,Amex,Credit,2020-02-01,2023-07-01,true,12700
28000,280,Visa,Credit,2011-07-01,2021-03-01,true,20300
28001,280,Mastercard,Debit (Prepaid),2020-02-01,2021-11-01,true,75
28002,280,Mastercard,Debit,2020-02-01,2022-03-01,false,15163
28003,280,Visa,Debit,2012-05-01,2022-11-01,true,30952
28100,281,Mastercard,Debit,2008-12-01,2022-01-01,true,13177
28101,281,Visa,Credit,2009-12-01,2019-03-01,true,2500
28102,281,Mastercard,Debit,2019-01-01,2020-09-01,false,20819
28200,282,Visa,Debit,2009-05-01,2023-08-01,true,10599
28300,283,Visa,Debit,2008-02-01,2023-05-01,true,38171
28301,283,Mastercard,Debit,2010-07-01,2020-12-01,true,61324
28302,283,Mastercard,Debit,2003-10-01,2016-04-01,true,31362
28400,284,Visa,Debit,2020-02-01,2021-12-01,true,15569
28500,285,Mastercard,Debit,2014-03-01,2016-10-01,true,16398
28501,285,Visa,Credit,2001-01-01,2012-06-01,true,6600
28502,285,Mastercard,Credit,2002-02-01,2022-10-01,true,6600
28503,285,Mastercard,Debit (Prepaid),2010-04-01,2021-07-01,true,59
28600,286,Mastercard,Debit (Prepaid),2008-05-01,2022-07-01,true,42
28601,286,Visa,Debit (Prepaid),2009-04-01,2022-11-01,true,119
28700,287,Visa,Debit,2004-07-01,2006-11-01,true,24250
28701,287,Visa,Credit,2003-02-01,2024-04-01,true,12400
28702,287,Visa,Credit,2014-09-01,2022-11-01,true,6500
28703,287,Mastercard,Credit,2010-12-01,2020-07-01,true,13900
28800,288,Mastercard,Debit (Prepaid),2013-07-01,2015-11-01,true,100
28801,288,Mastercard,Credit,2008-02-01,2022-03-01,true,8000
28802,288,Mastercard,Debit (Prepaid),2009-04-01,2018-11-01,true,49
28803,288,Discover,Credit,2004-05-01,2020-08-01,true,2900
28804,288,Discover,Credit,2008-07-01,2016-01-01,true,10400
28805,288,Mastercard,Debit (Prepaid),2003-02-01,2023-05-01,true,37
28806,288,Mastercard,Debit,2008-12-01,2023-12-01,false,13606
28807,288,Mastercard,Debit,2003-11-01,2024-03-01,true,13347
28900,289,Mastercard,Debit (Prepaid),2005-02-01,2023-12-01,false,54
28901,289,Mastercard,Debit,2007-12-01,2024-11-01,false,23402
28902,289,Visa,Debit,2020-01-01,2020-05-01,false,30393
29000,290,Mastercard,Debit,2009-03-01,2022-01-01,true,1298
29100,291,Mastercard,Debit (Prepaid),2006-12-01,2024-11-01,true,101
29101,291,Visa,Debit (Prepaid),2004-12-01,2020-09-01,true,70
29102,291,Mastercard,Debit,2020-01-01,2022-07-01,true,15163
29103,291,Mastercard,Debit (Prepaid),2005-04-01,2022-01-01,true,107
29104,291,Visa,Debit,2009-10-01,2009-10-01,true,21107
29105,291,Visa,Debit,2011-10-01,2023-03-01,true,15807
29106,291,Mastercard,Debit,2019-01-01,2024-08-01,true,18689
29107,291,Mastercard,Debit,2003-04-01,2018-01-01,true,15839
29200,292,Visa,Credit,2010-04-01,2018-04-01,true,5900
29201,292,Mastercard,Debit,2002-10-01,2022-06-01,false,11726
29202,292,Mastercard,Debit,2008-11-01,2022-02-01,true,13537
29203,292,Visa,Debit,2020-02-01,2022-07-01,true,10609
29300,293,Visa,Credit,2007-07-01,2021-06-01,true,2000
29400,294,Visa,Debit,2005-07-01,2023-07-01,true,4817
29401,294,Mastercard,Credit,2005-11-01,2024-07-01,true,1300
29500,295,Mastercard,Debit,2020-02-01,2023-12-01,true,1684
29501,295,Visa,Credit,2020-02-01,2024-09-01,true,2000
29600,296,Mastercard,Credit,2005-08-01,2022-04-01,true,13200
29601,296,Mastercard,Debit,2020-02-01,2021-11-01,true,11641
29700,297,Mastercard,Credit,2006-02-01,2024-02-01,false,7100
29701,297,Amex,Credit,2009-12-01,2009-12-01,true,8500
29800,298,Mastercard,Credit,2008-11-01,2021-04-01,true,6000
29801,298,Mastercard,Credit,2014-06-01,2020-07-01,true,2000
29802,298,Visa,Debit,2017-07-01,2020-06-01,true,15240
29900,299,Mastercard,Debit,2006-03-01,2024-11-01,true,7272
29901,299,Visa,Debit,2020-02-01,2022-09-01,true,9542
29902,299,Amex,Credit,2007-06-01,2024-11-01,true,4500
30000,300,Mastercard,Credit,2009-09-01,2021-05-01,true,8000
30001,300,Visa,Debit (Prepaid),2014-09-01,2021-08-01,true,84
30002,300,Mastercard,Debit,2020-01-01,2020-03-01,false,9957
30003,300,Mastercard,Credit,2010-05-01,2015-06-01,true,8300
30100,301,Visa,Debit,2010-11-01,2010-12-01,true,11739
30101,301,Mastercard,Debit (Prepaid),2011-01-01,2022-09-01,true,79
30102,301,Visa,Debit,2011-09-01,2024-11-01,true,11093
30200,302,Visa,Debit,2010-10-01,2022-08-01,true,20447
30201,302,Discover,Credit,2011-05-01,2022-11-01,true,8800
30202,302,Mastercard,Debit,2017-04-01,2023-04-01,true,13946
30203,302,Visa,Debit,2010-12-01,2020-07-01,false,25529
30204,302,Visa,Debit (Prepaid),2018-08-01,2022-12-01,true,61
30205,302,Mastercard,Debit,2017-09-01,2022-02-01,true,17536
30206,302,Visa,Debit,2014-01-01,2015-03-01,true,20770
30300,303,Mastercard,Debit (Prepaid),2020-01-01,2020-02-01,true,22
30400,304,Mastercard,Debit,2014-02-01,2023-07-01,true,10691
30401,304,Mastercard,Debit (Prepaid),2009-04-01,2010-08-01,true,75
30402,304,Mastercard,Credit,2008-01-01,2022-07-01,true,4900
30403,304,Mastercard,Debit,1997-12-01,2020-07-01,true,14661
30500,305,Mastercard,Credit,2020-02-01,2020-12-01,true,6900
30501,305,Visa,Credit,2020-01-01,2022-01-01,true,5400
30600,306,Mastercard,Debit,2020-02-01,2024-07-01,true,2725
30601,306,Discover,Credit,2019-02-01,2020-02-01,true,19600
30700,307,Visa,Debit,2005-06-01,2023-07-01,true,2572
30701,307,Mastercard,Credit,2011-08-01,2022-12-01,true,5000
30702,307,Discover,Credit,2004-04-01,2013-12-01,true,10300
30703,307,Amex,Credit,2014-12-01,2018-06-01,true,11400
30800,308,Mastercard,Debit,2008-09-01,2020-02-01,true,9230
30900,309,Mastercard,Debit,2004-03-01,2024-06-01,true,11203
30901,309,Mastercard,Debit,2006-09-01,2021-02-01,true,12369
30902,309,Visa,Credit,2008-12-01,2017-09-01,true,7900
30903,309,Mastercard,Debit,2004-05-01,2014-10-01,true,20362
30904,309,Mastercard,Debit,1996-09-01,2021-05-01,true,13529
31000,310,Discover,Credit,2010-02-01,2022-12-01,true,16800
31001,310,Discover,Credit,2013-12-01,2022-10-01,true,7100
31002,310,Visa,Credit,2008-04-01,2020-11-01,true,9600
31100,311,Mastercard,Debit (Prepaid),2004-03-01,2021-04-01,true,113
31101,311,Mastercard,Debit,2020-01-01,2020-04-01,true,16818
31102,311,Mastercard,Debit,2003-03-01,2021-08-01,true,12358
31103,311,Amex,Credit,2008-12-01,2011-10-01,true,8100
31104,311,Visa,Credit,2003-05-01,2020-03-01,true,9800
31105,311,Mastercard,Debit,2011-07-01,2024-12-01,true,17332
31200,312,Mastercard,Credit,2020-02-01,2021-11-01,true,6000
31300,313,Mastercard,Debit,2009-08-01,2021-04-01,true,18776
31400,314,Visa,Credit,2011-10-01,2022-03-01,true,9300
31401,314,Discover,Credit,2016-08-01,2021-06-01,true,8000
31402,314,Mastercard,Debit,2014-07-01,2021-09-01,false,11194
31403,314,Visa,Debit,2012-10-01,2023-04-01,true,12754
31404,314,Visa,Credit,2011-10-01,2024-08-01,true,9700
31500,315,Mastercard,Debit,2012-05-01,2020-09-01,true,17936
31501,315,Amex,Credit,2010-04-01,2021-01-01,true,8500
31600,316,Visa,Debit,2012-01-01,2023-06-01,true,24826
31700,317,Visa,Debit,2003-08-01,2020-03-01,true,27091
31800,318,Mastercard,Debit (Prepaid),2011-06-01,2021-01-01,true,67
31801,318,Amex,Credit,2007-01-01,2020-04-01,false,14600
31802,318,Mastercard,Credit,2012-06-01,2021-11-01,true,13500
31803,318,Mastercard,Debit,2013-03-01,2023-09-01,true,27132
31900,319,Mastercard,Debit,2010-11-01,2024-12-01,true,10400
31901,319,Mastercard,Debit,2005-03-01,2020-07-01,true,43169
31902,319,Mastercard,Debit,2003-01-01,2023-10-01,true,5269
31903,319,Mastercard,Debit,2001-04-01,2024-12-01,true,48370
31904,319,Visa,Credit,2018-06-01,2019-11-01,true,17100
31905,319,Visa,Debit (Prepaid),2003-10-01,2024-04-01,true,65
32000,320,Mastercard,Debit,2011-05-01,2020-12-01,true,2656
32001,320,Mastercard,Credit,2007-04-01,2024-10-01,true,7800
32002,320,Discover,Credit,2004-07-01,2020-03-01,true,13400
32003,320,Mastercard,Debit,2005-02-01,2023-08-01,false,16726
32100,321,Visa,Debit,2005-03-01,2024-12-01,true,30162
32101,321,Mastercard,Debit,2010-09-01,2010-10-01,true,19970
32102,321,Mastercard,Debit,2018-11-01,2024-05-01,true,31199
32103,321,Mastercard,Debit,2006-11-01,2024-10-01,true,14983
32104,321,Mastercard,Debit,2014-10-01,2014-10-01,true,18491
32200,322,Visa,Debit,2008-03-01,2021-08-01,true,23094
32201,322,Visa,Credit,2005-09-01,2022-10-01,true,18300
32202,322,Mastercard,Debit,2019-02-01,2024-02-01,true,31907
32203,322,Visa,Debit,2008-03-01,2020-10-01,true,32761
32300,323,Mastercard,Debit,2008-09-01,2024-04-01,true,11105
32400,324,Mastercard,Debit,2020-01-01,2021-08-01,true,32267
32401,324,Mastercard,Debit,2020-01-01,2021-09-01,true,30670
32500,325,Visa,Debit (Prepaid),2007-12-01,2017-01-01,true,83
32600,326,Visa,Debit,2008-02-01,2020-07-01,true,13821
32601,326,Visa,Credit,2004-05-01,2021-05-01,true,14400
32602,326,Mastercard,Credit,2006-07-01,2010-10-01,true,13300
32603,326,Visa,Credit,2009-01-01,2014-08-01,false,9300
32700,327,Mastercard,Debit,2011-07-01,2022-08-01,true,8580
32701,327,Mastercard,Credit,2007-12-01,2023-10-01,true,6600
32800,328,Visa,Debit,2008-04-01,2014-06-01,true,12783
32801,328,Mastercard,Debit,2012-02-01,2021-05-01,true,14321
32802,328,Visa,Debit,2018-07-01,2020-12-01,true,14488
32803,328,Visa,Debit,2020-01-01,2020-01-01,false,16116
32900,329,Visa,Credit,2002-10-01,2021-07-01,true,14800
33000,330,Visa,Debit (Prepaid),2010-12-01,2021-07-01,true,43
33100,331,Visa,Debit,2017-02-01,2024-07-01,true,36546
33101,331,Mastercard,Debit,2004-06-01,2021-08-01,true,18462
33102,331,Amex,Credit,2008-05-01,2021-06-01,false,13300
33103,331,Mastercard,Debit (Prepaid),2008-03-01,2020-08-01,true,36
33104,331,Amex,Credit,2011-12-01,2023-09-01,true,11200
33200,332,Mastercard,Debit,2003-02-01,2020-02-01,true,30074
33201,332,Mastercard,Debit,2003-02-01,2016-05-01,true,7589
